[{"model": "admin.logentry", "pk": 1, "fields": {"action_time": "2024-01-13T00:16:50.707Z", "user": 1, "content_type": 8, "object_id": "1", "object_repr": "Product object (1)", "action_flag": 1, "change_message": "[{\"added\": {}}]"}}, {"model": "admin.logentry", "pk": 2, "fields": {"action_time": "2024-02-06T11:41:07.234Z", "user": 1, "content_type": 8, "object_id": "2", "object_repr": "Product object (2)", "action_flag": 1, "change_message": "[{\"added\": {}}]"}}, {"model": "admin.logentry", "pk": 3, "fields": {"action_time": "2024-02-07T14:36:57.292Z", "user": 1, "content_type": 8, "object_id": "1", "object_repr": "Product object (1)", "action_flag": 2, "change_message": "[{\"changed\": {\"fields\": [\"Image\"]}}]"}}, {"model": "admin.logentry", "pk": 4, "fields": {"action_time": "2024-02-07T14:37:02.863Z", "user": 1, "content_type": 8, "object_id": "2", "object_repr": "Product object (2)", "action_flag": 2, "change_message": "[{\"changed\": {\"fields\": [\"Image\"]}}]"}}, {"model": "admin.logentry", "pk": 5, "fields": {"action_time": "2024-02-07T14:52:31.153Z", "user": 1, "content_type": 8, "object_id": "1", "object_repr": "Product object (1)", "action_flag": 2, "change_message": "[{\"changed\": {\"fields\": [\"Description\"]}}]"}}, {"model": "admin.logentry", "pk": 6, "fields": {"action_time": "2024-02-07T14:52:55.537Z", "user": 1, "content_type": 8, "object_id": "1", "object_repr": "Product object (1)", "action_flag": 2, "change_message": "[]"}}, {"model": "admin.logentry", "pk": 7, "fields": {"action_time": "2024-02-07T14:53:43.122Z", "user": 1, "content_type": 8, "object_id": "3", "object_repr": "Product object (3)", "action_flag": 1, "change_message": "[{\"added\": {}}]"}}, {"model": "admin.logentry", "pk": 8, "fields": {"action_time": "2024-02-07T14:54:09.511Z", "user": 1, "content_type": 8, "object_id": "4", "object_repr": "Product object (4)", "action_flag": 1, "change_message": "[{\"added\": {}}]"}}, {"model": "admin.logentry", "pk": 9, "fields": {"action_time": "2024-02-07T15:00:27.193Z", "user": 1, "content_type": 8, "object_id": "1", "object_repr": "Product object (1)", "action_flag": 2, "change_message": "[{\"changed\": {\"fields\": [\"Is featured\"]}}]"}}, {"model": "admin.logentry", "pk": 10, "fields": {"action_time": "2024-02-07T15:00:30.236Z", "user": 1, "content_type": 8, "object_id": "2", "object_repr": "Product object (2)", "action_flag": 2, "change_message": "[{\"changed\": {\"fields\": [\"Is featured\"]}}]"}}, {"model": "admin.logentry", "pk": 11, "fields": {"action_time": "2024-02-07T15:00:32.789Z", "user": 1, "content_type": 8, "object_id": "3", "object_repr": "Product object (3)", "action_flag": 2, "change_message": "[{\"changed\": {\"fields\": [\"Is featured\"]}}]"}}, {"model": "admin.logentry", "pk": 12, "fields": {"action_time": "2024-02-07T15:10:55.052Z", "user": 1, "content_type": 8, "object_id": "3", "object_repr": "Product object (3)", "action_flag": 2, "change_message": "[{\"changed\": {\"fields\": [\"Image\"]}}]"}}, {"model": "admin.logentry", "pk": 13, "fields": {"action_time": "2024-02-07T15:20:02.443Z", "user": 1, "content_type": 8, "object_id": "2", "object_repr": "Product object (2)", "action_flag": 2, "change_message": "[{\"changed\": {\"fields\": [\"Description\"]}}]"}}, {"model": "admin.logentry", "pk": 14, "fields": {"action_time": "2024-02-07T15:20:27.427Z", "user": 1, "content_type": 8, "object_id": "2", "object_repr": "Product object (2)", "action_flag": 2, "change_message": "[{\"changed\": {\"fields\": [\"Image\"]}}]"}}, {"model": "admin.logentry", "pk": 15, "fields": {"action_time": "2024-02-07T16:13:24.312Z", "user": 1, "content_type": 10, "object_id": "1", "object_repr": "Discounts object (1)", "action_flag": 1, "change_message": "[{\"added\": {}}]"}}, {"model": "admin.logentry", "pk": 16, "fields": {"action_time": "2024-02-07T16:13:42.842Z", "user": 1, "content_type": 7, "object_id": "1", "object_repr": "Opinion object (1)", "action_flag": 1, "change_message": "[{\"added\": {}}]"}}, {"model": "admin.logentry", "pk": 17, "fields": {"action_time": "2024-02-07T16:14:17.718Z", "user": 1, "content_type": 7, "object_id": "2", "object_repr": "Opinion object (2)", "action_flag": 1, "change_message": "[{\"added\": {}}]"}}, {"model": "admin.logentry", "pk": 18, "fields": {"action_time": "2024-02-07T16:52:10.473Z", "user": 1, "content_type": 9, "object_id": "25", "object_repr": "Zamowienie nr 25 -  ", "action_flag": 3, "change_message": ""}}, {"model": "admin.logentry", "pk": 19, "fields": {"action_time": "2024-02-07T16:52:10.478Z", "user": 1, "content_type": 9, "object_id": "24", "object_repr": "Zamowienie nr 24 -  ", "action_flag": 3, "change_message": ""}}, {"model": "admin.logentry", "pk": 20, "fields": {"action_time": "2024-02-07T16:52:10.479Z", "user": 1, "content_type": 9, "object_id": "23", "object_repr": "Zamowienie nr 23 -  ", "action_flag": 3, "change_message": ""}}, {"model": "admin.logentry", "pk": 21, "fields": {"action_time": "2024-02-07T16:52:10.481Z", "user": 1, "content_type": 9, "object_id": "22", "object_repr": "Zamowienie nr 22 -  ", "action_flag": 3, "change_message": ""}}, {"model": "admin.logentry", "pk": 22, "fields": {"action_time": "2024-02-07T16:52:10.482Z", "user": 1, "content_type": 9, "object_id": "21", "object_repr": "Zamowienie nr 21 -  ", "action_flag": 3, "change_message": ""}}, {"model": "admin.logentry", "pk": 23, "fields": {"action_time": "2024-02-07T16:52:10.483Z", "user": 1, "content_type": 9, "object_id": "20", "object_repr": "Zamowienie nr 20 -  ", "action_flag": 3, "change_message": ""}}, {"model": "admin.logentry", "pk": 24, "fields": {"action_time": "2024-02-07T16:52:10.484Z", "user": 1, "content_type": 9, "object_id": "19", "object_repr": "Zamowienie nr 19 -  ", "action_flag": 3, "change_message": ""}}, {"model": "admin.logentry", "pk": 25, "fields": {"action_time": "2024-02-07T16:52:10.486Z", "user": 1, "content_type": 9, "object_id": "18", "object_repr": "Zamowienie nr 18 -  ", "action_flag": 3, "change_message": ""}}, {"model": "admin.logentry", "pk": 26, "fields": {"action_time": "2024-02-07T16:52:10.487Z", "user": 1, "content_type": 9, "object_id": "17", "object_repr": "Zamowienie nr 17 -  ", "action_flag": 3, "change_message": ""}}, {"model": "admin.logentry", "pk": 27, "fields": {"action_time": "2024-02-07T16:52:10.488Z", "user": 1, "content_type": 9, "object_id": "16", "object_repr": "Zamowienie nr 16 -  ", "action_flag": 3, "change_message": ""}}, {"model": "admin.logentry", "pk": 28, "fields": {"action_time": "2024-02-07T16:52:10.489Z", "user": 1, "content_type": 9, "object_id": "15", "object_repr": "Zamowienie nr 15 -  ", "action_flag": 3, "change_message": ""}}, {"model": "admin.logentry", "pk": 29, "fields": {"action_time": "2024-02-07T16:52:10.490Z", "user": 1, "content_type": 9, "object_id": "14", "object_repr": "Zamowienie nr 14 -  ", "action_flag": 3, "change_message": ""}}, {"model": "admin.logentry", "pk": 30, "fields": {"action_time": "2024-02-07T16:52:10.491Z", "user": 1, "content_type": 9, "object_id": "13", "object_repr": "Zamowienie nr 13 -  ", "action_flag": 3, "change_message": ""}}, {"model": "admin.logentry", "pk": 31, "fields": {"action_time": "2024-02-07T16:52:10.492Z", "user": 1, "content_type": 9, "object_id": "12", "object_repr": "Zamowienie nr 12 -  ", "action_flag": 3, "change_message": ""}}, {"model": "admin.logentry", "pk": 32, "fields": {"action_time": "2024-02-07T16:52:10.493Z", "user": 1, "content_type": 9, "object_id": "11", "object_repr": "Zamowienie nr 11 -  ", "action_flag": 3, "change_message": ""}}, {"model": "admin.logentry", "pk": 33, "fields": {"action_time": "2024-02-07T16:52:10.495Z", "user": 1, "content_type": 9, "object_id": "10", "object_repr": "Zamowienie nr 10 -  ", "action_flag": 3, "change_message": ""}}, {"model": "admin.logentry", "pk": 34, "fields": {"action_time": "2024-02-07T16:52:10.495Z", "user": 1, "content_type": 9, "object_id": "9", "object_repr": "Zamowienie nr 9 -  ", "action_flag": 3, "change_message": ""}}, {"model": "admin.logentry", "pk": 35, "fields": {"action_time": "2024-02-07T16:52:10.496Z", "user": 1, "content_type": 9, "object_id": "8", "object_repr": "Zamowienie nr 8 -  ", "action_flag": 3, "change_message": ""}}, {"model": "admin.logentry", "pk": 36, "fields": {"action_time": "2024-02-07T16:52:10.497Z", "user": 1, "content_type": 9, "object_id": "7", "object_repr": "Zamowienie nr 7 -  ", "action_flag": 3, "change_message": ""}}, {"model": "admin.logentry", "pk": 37, "fields": {"action_time": "2024-02-07T16:52:10.498Z", "user": 1, "content_type": 9, "object_id": "6", "object_repr": "Zamowienie nr 6 -  ", "action_flag": 3, "change_message": ""}}, {"model": "admin.logentry", "pk": 38, "fields": {"action_time": "2024-02-07T16:52:10.499Z", "user": 1, "content_type": 9, "object_id": "5", "object_repr": "Zamowienie nr 5 -  ", "action_flag": 3, "change_message": ""}}, {"model": "admin.logentry", "pk": 39, "fields": {"action_time": "2024-02-07T16:52:10.500Z", "user": 1, "content_type": 9, "object_id": "4", "object_repr": "Zamowienie nr 4 -  ", "action_flag": 3, "change_message": ""}}, {"model": "admin.logentry", "pk": 40, "fields": {"action_time": "2024-02-07T16:52:10.501Z", "user": 1, "content_type": 9, "object_id": "3", "object_repr": "Zamowienie nr 3 -  ", "action_flag": 3, "change_message": ""}}, {"model": "admin.logentry", "pk": 41, "fields": {"action_time": "2024-02-07T16:52:10.503Z", "user": 1, "content_type": 9, "object_id": "2", "object_repr": "Zamowienie nr 2 -  ", "action_flag": 3, "change_message": ""}}, {"model": "admin.logentry", "pk": 42, "fields": {"action_time": "2024-02-07T16:52:10.503Z", "user": 1, "content_type": 9, "object_id": "1", "object_repr": "Zamowienie nr 1 -  ", "action_flag": 3, "change_message": ""}}, {"model": "admin.logentry", "pk": 43, "fields": {"action_time": "2024-02-07T17:11:09.311Z", "user": 1, "content_type": 9, "object_id": "45", "object_repr": "Zamowienie nr 45 -  ", "action_flag": 3, "change_message": ""}}, {"model": "admin.logentry", "pk": 44, "fields": {"action_time": "2024-02-07T17:11:09.315Z", "user": 1, "content_type": 9, "object_id": "44", "object_repr": "Zamowienie nr 44 -  ", "action_flag": 3, "change_message": ""}}, {"model": "admin.logentry", "pk": 45, "fields": {"action_time": "2024-02-07T17:11:09.317Z", "user": 1, "content_type": 9, "object_id": "43", "object_repr": "Zamowienie nr 43 -  ", "action_flag": 3, "change_message": ""}}, {"model": "admin.logentry", "pk": 46, "fields": {"action_time": "2024-02-07T17:11:09.318Z", "user": 1, "content_type": 9, "object_id": "42", "object_repr": "Zamowienie nr 42 -  ", "action_flag": 3, "change_message": ""}}, {"model": "admin.logentry", "pk": 47, "fields": {"action_time": "2024-02-07T17:11:09.321Z", "user": 1, "content_type": 9, "object_id": "41", "object_repr": "Zamowienie nr 41 -  ", "action_flag": 3, "change_message": ""}}, {"model": "admin.logentry", "pk": 48, "fields": {"action_time": "2024-02-07T17:11:09.322Z", "user": 1, "content_type": 9, "object_id": "40", "object_repr": "Zamowienie nr 40 -  ", "action_flag": 3, "change_message": ""}}, {"model": "admin.logentry", "pk": 49, "fields": {"action_time": "2024-02-07T17:11:09.323Z", "user": 1, "content_type": 9, "object_id": "39", "object_repr": "Zamowienie nr 39 -  ", "action_flag": 3, "change_message": ""}}, {"model": "admin.logentry", "pk": 50, "fields": {"action_time": "2024-02-07T17:11:09.327Z", "user": 1, "content_type": 9, "object_id": "38", "object_repr": "Zamowienie nr 38 -  ", "action_flag": 3, "change_message": ""}}, {"model": "admin.logentry", "pk": 51, "fields": {"action_time": "2024-02-07T17:11:09.329Z", "user": 1, "content_type": 9, "object_id": "37", "object_repr": "Zamowienie nr 37 -  ", "action_flag": 3, "change_message": ""}}, {"model": "admin.logentry", "pk": 52, "fields": {"action_time": "2024-02-07T17:11:09.332Z", "user": 1, "content_type": 9, "object_id": "36", "object_repr": "Zamowienie nr 36 -  ", "action_flag": 3, "change_message": ""}}, {"model": "admin.logentry", "pk": 53, "fields": {"action_time": "2024-02-07T17:11:09.333Z", "user": 1, "content_type": 9, "object_id": "35", "object_repr": "Zamowienie nr 35 -  ", "action_flag": 3, "change_message": ""}}, {"model": "admin.logentry", "pk": 54, "fields": {"action_time": "2024-02-07T17:11:09.334Z", "user": 1, "content_type": 9, "object_id": "34", "object_repr": "Zamowienie nr 34 -  ", "action_flag": 3, "change_message": ""}}, {"model": "admin.logentry", "pk": 55, "fields": {"action_time": "2024-02-07T17:11:09.337Z", "user": 1, "content_type": 9, "object_id": "33", "object_repr": "Zamowienie nr 33 -  ", "action_flag": 3, "change_message": ""}}, {"model": "admin.logentry", "pk": 56, "fields": {"action_time": "2024-02-07T17:11:09.338Z", "user": 1, "content_type": 9, "object_id": "32", "object_repr": "Zamowienie nr 32 -  ", "action_flag": 3, "change_message": ""}}, {"model": "admin.logentry", "pk": 57, "fields": {"action_time": "2024-02-07T17:11:09.339Z", "user": 1, "content_type": 9, "object_id": "31", "object_repr": "Zamowienie nr 31 -  ", "action_flag": 3, "change_message": ""}}, {"model": "admin.logentry", "pk": 58, "fields": {"action_time": "2024-02-07T17:11:09.340Z", "user": 1, "content_type": 9, "object_id": "30", "object_repr": "Zamowienie nr 30 -  ", "action_flag": 3, "change_message": ""}}, {"model": "admin.logentry", "pk": 59, "fields": {"action_time": "2024-02-07T17:11:09.341Z", "user": 1, "content_type": 9, "object_id": "29", "object_repr": "Zamowienie nr 29 -  ", "action_flag": 3, "change_message": ""}}, {"model": "admin.logentry", "pk": 60, "fields": {"action_time": "2024-02-07T17:11:09.342Z", "user": 1, "content_type": 9, "object_id": "28", "object_repr": "Zamowienie nr 28 -  ", "action_flag": 3, "change_message": ""}}, {"model": "admin.logentry", "pk": 61, "fields": {"action_time": "2024-02-07T17:11:09.343Z", "user": 1, "content_type": 9, "object_id": "27", "object_repr": "Zamowienie nr 27 -  ", "action_flag": 3, "change_message": ""}}, {"model": "admin.logentry", "pk": 62, "fields": {"action_time": "2024-02-07T17:11:09.344Z", "user": 1, "content_type": 9, "object_id": "26", "object_repr": "Zamowienie nr 26 -  ", "action_flag": 3, "change_message": ""}}, {"model": "admin.logentry", "pk": 63, "fields": {"action_time": "2024-02-07T19:38:27.808Z", "user": 1, "content_type": 13, "object_id": "1", "object_repr": "test - 123 - 50%", "action_flag": 1, "change_message": "[{\"added\": {}}]"}}, {"model": "admin.logentry", "pk": 64, "fields": {"action_time": "2024-02-07T19:49:36.285Z", "user": 1, "content_type": 13, "object_id": "1", "object_repr": "test - 123 - 50%", "action_flag": 2, "change_message": "[]"}}, {"model": "admin.logentry", "pk": 65, "fields": {"action_time": "2024-02-07T19:49:45.527Z", "user": 1, "content_type": 13, "object_id": "2", "object_repr": "dwedwd - 321 - 25%", "action_flag": 1, "change_message": "[{\"added\": {}}]"}}, {"model": "admin.logentry", "pk": 66, "fields": {"action_time": "2024-02-07T19:51:49.409Z", "user": 1, "content_type": 9, "object_id": "46", "object_repr": "Zamowienie nr 46 -  ", "action_flag": 3, "change_message": ""}}, {"model": "admin.logentry", "pk": 67, "fields": {"action_time": "2024-02-08T11:42:27.815Z", "user": 1, "content_type": 8, "object_id": "5", "object_repr": "Product object (5)", "action_flag": 2, "change_message": "[{\"changed\": {\"fields\": [\"Title\", \"Image\"]}}]"}}, {"model": "admin.logentry", "pk": 68, "fields": {"action_time": "2024-02-08T11:43:25.233Z", "user": 1, "content_type": 8, "object_id": "4", "object_repr": "Product object (4)", "action_flag": 2, "change_message": "[{\"changed\": {\"fields\": [\"Title\", \"Image\", \"Description\"]}}]"}}, {"model": "admin.logentry", "pk": 69, "fields": {"action_time": "2024-02-08T11:44:22.950Z", "user": 1, "content_type": 8, "object_id": "3", "object_repr": "Product object (3)", "action_flag": 2, "change_message": "[{\"changed\": {\"fields\": [\"Title\", \"Image\", \"Description\"]}}]"}}, {"model": "admin.logentry", "pk": 70, "fields": {"action_time": "2024-02-08T11:45:46.176Z", "user": 1, "content_type": 8, "object_id": "2", "object_repr": "Product object (2)", "action_flag": 2, "change_message": "[{\"changed\": {\"fields\": [\"Title\", \"Image\", \"Description\", \"Amount\"]}}]"}}, {"model": "admin.logentry", "pk": 71, "fields": {"action_time": "2024-02-08T11:46:34.896Z", "user": 1, "content_type": 8, "object_id": "1", "object_repr": "Product object (1)", "action_flag": 2, "change_message": "[{\"changed\": {\"fields\": [\"Title\", \"Description\", \"Amount\"]}}]"}}, {"model": "admin.logentry", "pk": 72, "fields": {"action_time": "2024-02-08T11:46:50.424Z", "user": 1, "content_type": 9, "object_id": "48", "object_repr": "Zamowienie nr 48 -  ", "action_flag": 3, "change_message": ""}}, {"model": "admin.logentry", "pk": 73, "fields": {"action_time": "2024-02-08T11:46:50.428Z", "user": 1, "content_type": 9, "object_id": "47", "object_repr": "Zamowienie nr 47 -  ", "action_flag": 3, "change_message": ""}}, {"model": "admin.logentry", "pk": 74, "fields": {"action_time": "2024-02-08T11:47:01.541Z", "user": 1, "content_type": 7, "object_id": "2", "object_repr": "Opinion object (2)", "action_flag": 3, "change_message": ""}}, {"model": "admin.logentry", "pk": 75, "fields": {"action_time": "2024-02-08T11:47:01.544Z", "user": 1, "content_type": 7, "object_id": "1", "object_repr": "Opinion object (1)", "action_flag": 3, "change_message": ""}}, {"model": "admin.logentry", "pk": 76, "fields": {"action_time": "2024-02-08T11:47:16.462Z", "user": 1, "content_type": 7, "object_id": "3", "object_repr": "Opinion object (3)", "action_flag": 1, "change_message": "[{\"added\": {}}]"}}, {"model": "admin.logentry", "pk": 77, "fields": {"action_time": "2024-02-08T12:04:13.407Z", "user": 1, "content_type": 9, "object_id": "49", "object_repr": "Zamowienie nr 49 -  ", "action_flag": 2, "change_message": "[{\"changed\": {\"fields\": [\"Promo code\"]}}]"}}, {"model": "admin.logentry", "pk": 78, "fields": {"action_time": "2024-02-08T12:13:35.911Z", "user": 1, "content_type": 8, "object_id": "1", "object_repr": "Product object (1)", "action_flag": 2, "change_message": "[{\"changed\": {\"fields\": [\"Image\"]}}]"}}, {"model": "admin.logentry", "pk": 79, "fields": {"action_time": "2024-02-15T18:06:45.311Z", "user": 1, "content_type": 6, "object_id": "2", "object_repr": "tektmap@gmail.com", "action_flag": 1, "change_message": "[{\"added\": {}}]"}}, {"model": "admin.logentry", "pk": 80, "fields": {"action_time": "2024-02-15T18:08:13.438Z", "user": 1, "content_type": 6, "object_id": "2", "object_repr": "tektmap@gmail.com", "action_flag": 3, "change_message": ""}}, {"model": "admin.logentry", "pk": 81, "fields": {"action_time": "2024-02-15T18:09:31.892Z", "user": 1, "content_type": 6, "object_id": "3", "object_repr": "tektmap@gmail.com", "action_flag": 1, "change_message": "[{\"added\": {}}]"}}, {"model": "admin.logentry", "pk": 82, "fields": {"action_time": "2024-02-18T15:06:26.471Z", "user": 3, "content_type": 7, "object_id": "4", "object_repr": "Opinion object (4)", "action_flag": 1, "change_message": "[{\"added\": {}}]"}}, {"model": "admin.logentry", "pk": 83, "fields": {"action_time": "2024-02-18T15:06:34.404Z", "user": 3, "content_type": 7, "object_id": "5", "object_repr": "Opinion object (5)", "action_flag": 1, "change_message": "[{\"added\": {}}]"}}, {"model": "admin.logentry", "pk": 84, "fields": {"action_time": "2024-02-18T15:06:46.683Z", "user": 3, "content_type": 7, "object_id": "6", "object_repr": "Opinion object (6)", "action_flag": 1, "change_message": "[{\"added\": {}}]"}}, {"model": "admin.logentry", "pk": 85, "fields": {"action_time": "2024-02-18T15:51:07.696Z", "user": 1, "content_type": 6, "object_id": "6", "object_repr": "alka-sus0n132@icloud.com", "action_flag": 2, "change_message": "[{\"changed\": {\"fields\": [\"First name\", \"Last name\", \"Address\"]}}]"}}, {"model": "admin.logentry", "pk": 86, "fields": {"action_time": "2024-02-24T13:35:53.528Z", "user": 1, "content_type": 14, "object_id": "1", "object_repr": "Męskie", "action_flag": 1, "change_message": "[{\"added\": {}}]"}}, {"model": "admin.logentry", "pk": 87, "fields": {"action_time": "2024-02-24T13:36:05.226Z", "user": 1, "content_type": 14, "object_id": "2", "object_repr": "Damskie", "action_flag": 1, "change_message": "[{\"added\": {}}]"}}, {"model": "admin.logentry", "pk": 88, "fields": {"action_time": "2024-02-24T13:37:35.712Z", "user": 1, "content_type": 14, "object_id": "1", "object_repr": "Men", "action_flag": 2, "change_message": "[{\"changed\": {\"fields\": [\"Title\"]}}]"}}, {"model": "admin.logentry", "pk": 89, "fields": {"action_time": "2024-02-24T13:37:40.039Z", "user": 1, "content_type": 14, "object_id": "2", "object_repr": "Women", "action_flag": 2, "change_message": "[{\"changed\": {\"fields\": [\"Title\"]}}]"}}, {"model": "admin.logentry", "pk": 90, "fields": {"action_time": "2024-02-24T13:57:50.029Z", "user": 1, "content_type": 15, "object_id": "1", "object_repr": "PerfumeOptions object (1)", "action_flag": 1, "change_message": "[{\"added\": {}}]"}}, {"model": "admin.logentry", "pk": 91, "fields": {"action_time": "2024-02-24T13:57:58.284Z", "user": 1, "content_type": 15, "object_id": "2", "object_repr": "PerfumeOptions object (2)", "action_flag": 1, "change_message": "[{\"added\": {}}]"}}, {"model": "admin.logentry", "pk": 92, "fields": {"action_time": "2024-02-24T14:08:16.188Z", "user": 1, "content_type": 7, "object_id": "7", "object_repr": "Opinion object (7)", "action_flag": 1, "change_message": "[{\"added\": {}}]"}}, {"model": "admin.logentry", "pk": 93, "fields": {"action_time": "2024-02-24T14:19:33.296Z", "user": 1, "content_type": 8, "object_id": "1", "object_repr": "Chanel N°5", "action_flag": 2, "change_message": "[{\"changed\": {\"fields\": [\"Options\"]}}]"}}, {"model": "admin.logentry", "pk": 94, "fields": {"action_time": "2024-02-24T14:34:28.867Z", "user": 1, "content_type": 8, "object_id": "6", "object_repr": "pERFUMY", "action_flag": 3, "change_message": ""}}, {"model": "admin.logentry", "pk": 95, "fields": {"action_time": "2024-02-24T14:37:15.614Z", "user": 1, "content_type": 15, "object_id": "2", "object_repr": "PerfumeOptions object (2)", "action_flag": 3, "change_message": ""}}, {"model": "admin.logentry", "pk": 96, "fields": {"action_time": "2024-02-24T14:37:15.618Z", "user": 1, "content_type": 15, "object_id": "1", "object_repr": "PerfumeOptions object (1)", "action_flag": 3, "change_message": ""}}, {"model": "admin.logentry", "pk": 97, "fields": {"action_time": "2024-02-24T14:37:21.800Z", "user": 1, "content_type": 15, "object_id": "2", "object_repr": "PerfumeOptions object (2)", "action_flag": 3, "change_message": ""}}, {"model": "admin.logentry", "pk": 98, "fields": {"action_time": "2024-02-24T14:37:21.802Z", "user": 1, "content_type": 15, "object_id": "1", "object_repr": "PerfumeOptions object (1)", "action_flag": 3, "change_message": ""}}, {"model": "admin.logentry", "pk": 99, "fields": {"action_time": "2024-02-24T14:47:36.297Z", "user": 1, "content_type": 15, "object_id": "2", "object_repr": "100 ml - 200 zł", "action_flag": 2, "change_message": "[{\"changed\": {\"fields\": [\"Product\"]}}]"}}, {"model": "admin.logentry", "pk": 100, "fields": {"action_time": "2024-02-24T14:47:39.154Z", "user": 1, "content_type": 15, "object_id": "1", "object_repr": "50 ml - 100 zł", "action_flag": 2, "change_message": "[{\"changed\": {\"fields\": [\"Product\"]}}]"}}, {"model": "admin.logentry", "pk": 101, "fields": {"action_time": "2024-02-26T16:31:03.236Z", "user": 1, "content_type": 8, "object_id": "1", "object_repr": "Chanel N°5", "action_flag": 2, "change_message": "[{\"changed\": {\"fields\": [\"Stars\"]}}]"}}, {"model": "admin.logentry", "pk": 102, "fields": {"action_time": "2024-02-26T16:46:18.628Z", "user": 1, "content_type": 8, "object_id": "5", "object_repr": "Irresistible Very Floral", "action_flag": 2, "change_message": "[{\"changed\": {\"fields\": [\"Stars\"]}}]"}}, {"model": "admin.logentry", "pk": 103, "fields": {"action_time": "2024-02-26T16:46:22.217Z", "user": 1, "content_type": 8, "object_id": "4", "object_repr": "Prada Luna Rossa Black", "action_flag": 2, "change_message": "[{\"changed\": {\"fields\": [\"Stars\"]}}]"}}, {"model": "admin.logentry", "pk": 104, "fields": {"action_time": "2024-02-26T16:46:25.521Z", "user": 1, "content_type": 8, "object_id": "3", "object_repr": "Prada Luna Rossa Ocean", "action_flag": 2, "change_message": "[{\"changed\": {\"fields\": [\"Stars\"]}}]"}}, {"model": "admin.logentry", "pk": 105, "fields": {"action_time": "2024-02-26T16:46:30.485Z", "user": 1, "content_type": 8, "object_id": "2", "object_repr": "Chanel Coco Noir", "action_flag": 2, "change_message": "[{\"changed\": {\"fields\": [\"Stars\"]}}]"}}, {"model": "admin.logentry", "pk": 106, "fields": {"action_time": "2024-02-26T16:46:34.377Z", "user": 1, "content_type": 8, "object_id": "2", "object_repr": "Chanel Coco Noir", "action_flag": 2, "change_message": "[{\"changed\": {\"fields\": [\"Stars\"]}}]"}}, {"model": "admin.logentry", "pk": 107, "fields": {"action_time": "2024-02-26T16:46:37.444Z", "user": 1, "content_type": 8, "object_id": "1", "object_repr": "Chanel N°5", "action_flag": 2, "change_message": "[]"}}, {"model": "admin.logentry", "pk": 108, "fields": {"action_time": "2024-02-26T17:12:21.448Z", "user": 1, "content_type": 7, "object_id": "7", "object_repr": "Opinion object (7)", "action_flag": 2, "change_message": "[{\"changed\": {\"fields\": [\"Rated\"]}}]"}}, {"model": "admin.logentry", "pk": 109, "fields": {"action_time": "2024-02-27T12:01:53.189Z", "user": 1, "content_type": 17, "object_id": "1", "object_repr": "Prada Luna Rossa Black - 1 szt. - 120 zł", "action_flag": 2, "change_message": "[{\"changed\": {\"fields\": [\"Price\"]}}]"}}, {"model": "admin.logentry", "pk": 110, "fields": {"action_time": "2024-02-27T12:03:00.252Z", "user": 1, "content_type": 9, "object_id": "49", "object_repr": "Zamowienie nr 49 -  ", "action_flag": 2, "change_message": "[{\"changed\": {\"fields\": [\"Price\"]}}]"}}, {"model": "admin.logentry", "pk": 111, "fields": {"action_time": "2024-02-27T12:07:08.657Z", "user": 1, "content_type": 17, "object_id": "6", "object_repr": "Chanel N°5 - 1 szt. - 0 zł", "action_flag": 3, "change_message": ""}}, {"model": "admin.logentry", "pk": 112, "fields": {"action_time": "2024-02-27T12:07:08.661Z", "user": 1, "content_type": 17, "object_id": "5", "object_repr": "Chanel Coco Noir - 1 szt. - 0 zł", "action_flag": 3, "change_message": ""}}, {"model": "admin.logentry", "pk": 113, "fields": {"action_time": "2024-02-27T12:07:08.663Z", "user": 1, "content_type": 17, "object_id": "4", "object_repr": "Chanel Coco Noir - 1 szt. - 0 zł", "action_flag": 3, "change_message": ""}}, {"model": "admin.logentry", "pk": 114, "fields": {"action_time": "2024-02-27T12:07:08.665Z", "user": 1, "content_type": 17, "object_id": "3", "object_repr": "Chanel Coco Noir - 1 szt. - 0 zł", "action_flag": 3, "change_message": ""}}, {"model": "admin.logentry", "pk": 115, "fields": {"action_time": "2024-02-27T12:07:08.666Z", "user": 1, "content_type": 17, "object_id": "2", "object_repr": "Chanel N°5 - 1 szt. - 0 zł", "action_flag": 3, "change_message": ""}}, {"model": "admin.logentry", "pk": 116, "fields": {"action_time": "2024-02-27T12:07:08.668Z", "user": 1, "content_type": 17, "object_id": "1", "object_repr": "Prada Luna Rossa Black - 1 szt. - 120 zł", "action_flag": 3, "change_message": ""}}, {"model": "admin.logentry", "pk": 117, "fields": {"action_time": "2024-02-27T13:14:00.930Z", "user": 1, "content_type": 17, "object_id": "14", "object_repr": "Chanel N°5 - 1 szt. - 0 zł", "action_flag": 3, "change_message": ""}}, {"model": "admin.logentry", "pk": 118, "fields": {"action_time": "2024-02-27T13:14:00.936Z", "user": 1, "content_type": 17, "object_id": "13", "object_repr": "Chanel N°5 - 1 szt. - 0 zł", "action_flag": 3, "change_message": ""}}, {"model": "admin.logentry", "pk": 119, "fields": {"action_time": "2024-02-27T13:14:00.938Z", "user": 1, "content_type": 17, "object_id": "12", "object_repr": "Chanel Coco Noir - 1 szt. - 0 zł", "action_flag": 3, "change_message": ""}}, {"model": "admin.logentry", "pk": 120, "fields": {"action_time": "2024-02-27T13:14:00.939Z", "user": 1, "content_type": 17, "object_id": "11", "object_repr": "Chanel N°5 - 1 szt. - 0 zł", "action_flag": 3, "change_message": ""}}, {"model": "admin.logentry", "pk": 121, "fields": {"action_time": "2024-02-27T13:14:00.941Z", "user": 1, "content_type": 17, "object_id": "10", "object_repr": "Chanel N°5 - 1 szt. - 0 zł", "action_flag": 3, "change_message": ""}}, {"model": "admin.logentry", "pk": 122, "fields": {"action_time": "2024-02-27T13:14:00.943Z", "user": 1, "content_type": 17, "object_id": "9", "object_repr": "Chanel N°5 - 1 szt. - 0 zł", "action_flag": 3, "change_message": ""}}, {"model": "admin.logentry", "pk": 123, "fields": {"action_time": "2024-02-27T13:14:00.944Z", "user": 1, "content_type": 17, "object_id": "8", "object_repr": "Prada Luna Rossa Ocean - 1 szt. - 0 zł", "action_flag": 3, "change_message": ""}}, {"model": "admin.logentry", "pk": 124, "fields": {"action_time": "2024-02-27T13:14:00.946Z", "user": 1, "content_type": 17, "object_id": "7", "object_repr": "Chanel N°5 - 1 szt. - 0 zł", "action_flag": 3, "change_message": ""}}, {"model": "admin.logentry", "pk": 125, "fields": {"action_time": "2024-02-27T13:14:29.588Z", "user": 1, "content_type": 9, "object_id": "49", "object_repr": "Zamowienie nr 49 -  ", "action_flag": 2, "change_message": "[{\"changed\": {\"fields\": [\"Price\"]}}]"}}, {"model": "admin.logentry", "pk": 126, "fields": {"action_time": "2024-02-27T13:14:35.150Z", "user": 1, "content_type": 9, "object_id": "49", "object_repr": "Zamowienie nr 49 -  ", "action_flag": 2, "change_message": "[{\"changed\": {\"fields\": [\"Is shipped\"]}}]"}}, {"model": "admin.logentry", "pk": 127, "fields": {"action_time": "2024-02-27T13:26:21.770Z", "user": 1, "content_type": 17, "object_id": "18", "object_repr": "Chanel N°5 - 1 szt. - 0 zł", "action_flag": 3, "change_message": ""}}, {"model": "admin.logentry", "pk": 128, "fields": {"action_time": "2024-02-27T13:26:21.773Z", "user": 1, "content_type": 17, "object_id": "17", "object_repr": "Chanel N°5 - 1 szt. - 0 zł", "action_flag": 3, "change_message": ""}}, {"model": "admin.logentry", "pk": 129, "fields": {"action_time": "2024-02-27T13:26:21.776Z", "user": 1, "content_type": 17, "object_id": "16", "object_repr": "Prada Luna Rossa Ocean - 1 szt. - 0 zł", "action_flag": 3, "change_message": ""}}, {"model": "admin.logentry", "pk": 130, "fields": {"action_time": "2024-02-27T13:26:21.779Z", "user": 1, "content_type": 17, "object_id": "15", "object_repr": "Chanel N°5 - 1 szt. - 0 zł", "action_flag": 3, "change_message": ""}}, {"model": "admin.logentry", "pk": 131, "fields": {"action_time": "2024-02-27T13:28:15.760Z", "user": 1, "content_type": 9, "object_id": "49", "object_repr": "Zamowienie nr 49 -  ", "action_flag": 2, "change_message": "[{\"changed\": {\"fields\": [\"Price\"]}}]"}}, {"model": "admin.logentry", "pk": 132, "fields": {"action_time": "2024-02-27T13:28:27.010Z", "user": 1, "content_type": 17, "object_id": "20", "object_repr": "Chanel N°5 - 1 szt. - 200 zł", "action_flag": 3, "change_message": ""}}, {"model": "admin.logentry", "pk": 133, "fields": {"action_time": "2024-02-27T13:28:27.015Z", "user": 1, "content_type": 17, "object_id": "19", "object_repr": "Chanel N°5 - 1 szt. - 200 zł", "action_flag": 3, "change_message": ""}}, {"model": "admin.logentry", "pk": 134, "fields": {"action_time": "2024-02-27T13:39:34.805Z", "user": 1, "content_type": 17, "object_id": "23", "object_repr": "Chanel N°5 - 1 szt. - 100 zł", "action_flag": 3, "change_message": ""}}, {"model": "admin.logentry", "pk": 135, "fields": {"action_time": "2024-02-27T13:39:34.808Z", "user": 1, "content_type": 17, "object_id": "22", "object_repr": "Chanel N°5 - 1 szt. - 200 zł", "action_flag": 3, "change_message": ""}}, {"model": "admin.logentry", "pk": 136, "fields": {"action_time": "2024-02-27T13:39:34.809Z", "user": 1, "content_type": 17, "object_id": "21", "object_repr": "Chanel N°5 - 1 szt. - 200 zł", "action_flag": 3, "change_message": ""}}, {"model": "admin.logentry", "pk": 137, "fields": {"action_time": "2024-02-27T13:42:46.083Z", "user": 1, "content_type": 17, "object_id": "27", "object_repr": "Chanel N°5 - 100 szt. - 200 zł", "action_flag": 3, "change_message": ""}}, {"model": "admin.logentry", "pk": 138, "fields": {"action_time": "2024-02-27T13:42:46.086Z", "user": 1, "content_type": 17, "object_id": "26", "object_repr": "Chanel N°5 - 50 szt. - 100 zł", "action_flag": 3, "change_message": ""}}, {"model": "admin.logentry", "pk": 139, "fields": {"action_time": "2024-02-27T13:42:46.088Z", "user": 1, "content_type": 17, "object_id": "25", "object_repr": "Chanel N°5 - 1 szt. - 200 zł", "action_flag": 3, "change_message": ""}}, {"model": "admin.logentry", "pk": 140, "fields": {"action_time": "2024-02-27T13:42:46.090Z", "user": 1, "content_type": 17, "object_id": "24", "object_repr": "Chanel N°5 - 1 szt. - 200 zł", "action_flag": 3, "change_message": ""}}, {"model": "admin.logentry", "pk": 141, "fields": {"action_time": "2024-02-27T13:42:54.979Z", "user": 1, "content_type": 9, "object_id": "49", "object_repr": "Zamowienie nr 49 -  ", "action_flag": 2, "change_message": "[{\"changed\": {\"fields\": [\"Price\"]}}]"}}, {"model": "admin.logentry", "pk": 142, "fields": {"action_time": "2024-02-27T13:42:59.147Z", "user": 1, "content_type": 9, "object_id": "49", "object_repr": "Zamowienie nr 49 -  ", "action_flag": 2, "change_message": "[{\"changed\": {\"fields\": [\"Price\"]}}]"}}, {"model": "admin.logentry", "pk": 143, "fields": {"action_time": "2024-02-27T13:49:53.555Z", "user": 1, "content_type": 17, "object_id": "30", "object_repr": "Chanel N°5 - 50 szt. - 100 zł", "action_flag": 3, "change_message": ""}}, {"model": "admin.logentry", "pk": 144, "fields": {"action_time": "2024-02-27T13:49:53.558Z", "user": 1, "content_type": 17, "object_id": "29", "object_repr": "Chanel N°5 - 50 szt. - 100 zł", "action_flag": 3, "change_message": ""}}, {"model": "admin.logentry", "pk": 145, "fields": {"action_time": "2024-02-27T13:49:53.561Z", "user": 1, "content_type": 17, "object_id": "28", "object_repr": "Chanel N°5 - 100 szt. - 200 zł", "action_flag": 3, "change_message": ""}}, {"model": "admin.logentry", "pk": 146, "fields": {"action_time": "2024-02-27T13:56:18.524Z", "user": 1, "content_type": 17, "object_id": "32", "object_repr": "Chanel N°5 - 3 szt. - 200 zł", "action_flag": 2, "change_message": "[{\"changed\": {\"fields\": [\"Quantity\"]}}]"}}, {"model": "admin.logentry", "pk": 147, "fields": {"action_time": "2024-02-27T13:56:25.566Z", "user": 1, "content_type": 9, "object_id": "49", "object_repr": "Zamowienie nr 49 -  ", "action_flag": 2, "change_message": "[{\"changed\": {\"fields\": [\"Price\"]}}]"}}, {"model": "admin.logentry", "pk": 148, "fields": {"action_time": "2024-02-27T13:56:31.491Z", "user": 1, "content_type": 9, "object_id": "49", "object_repr": "Zamowienie nr 49 -  ", "action_flag": 2, "change_message": "[{\"changed\": {\"fields\": [\"Price\"]}}]"}}, {"model": "admin.logentry", "pk": 149, "fields": {"action_time": "2024-02-27T13:56:59.934Z", "user": 1, "content_type": 17, "object_id": "32", "object_repr": "Chanel N°5 - 5 szt. - 200 zł", "action_flag": 2, "change_message": "[{\"changed\": {\"fields\": [\"Quantity\"]}}]"}}, {"model": "admin.logentry", "pk": 150, "fields": {"action_time": "2024-02-27T14:02:25.471Z", "user": 1, "content_type": 17, "object_id": "33", "object_repr": "Chanel N°5 - 1 szt. - 200 zł", "action_flag": 3, "change_message": ""}}, {"model": "admin.logentry", "pk": 151, "fields": {"action_time": "2024-02-27T14:02:25.474Z", "user": 1, "content_type": 17, "object_id": "31", "object_repr": "Chanel N°5 - 1 szt. - 200 zł", "action_flag": 3, "change_message": ""}}, {"model": "admin.logentry", "pk": 152, "fields": {"action_time": "2024-02-28T10:16:49.287Z", "user": 1, "content_type": 17, "object_id": "32", "object_repr": "Chanel N°5 - 5 szt. - 200 zł", "action_flag": 3, "change_message": ""}}, {"model": "admin.logentry", "pk": 153, "fields": {"action_time": "2024-02-28T10:22:01.748Z", "user": 1, "content_type": 17, "object_id": "34", "object_repr": "Chanel N°5 - 2 szt. - 100 zł", "action_flag": 2, "change_message": "[{\"changed\": {\"fields\": [\"Quantity\"]}}]"}}, {"model": "admin.logentry", "pk": 154, "fields": {"action_time": "2024-02-28T10:24:38.967Z", "user": 1, "content_type": 17, "object_id": "34", "object_repr": "Chanel N°5 - 5 szt. - 100 zł", "action_flag": 2, "change_message": "[{\"changed\": {\"fields\": [\"Quantity\"]}}]"}}, {"model": "admin.logentry", "pk": 155, "fields": {"action_time": "2024-02-28T11:09:11.970Z", "user": 1, "content_type": 17, "object_id": "34", "object_repr": "Chanel N°5 - 1 szt. - 100 zł", "action_flag": 3, "change_message": ""}}, {"model": "admin.logentry", "pk": 156, "fields": {"action_time": "2024-02-28T11:10:00.385Z", "user": 1, "content_type": 17, "object_id": "35", "object_repr": "Chanel N°5 - 1 szt. - 200 zł", "action_flag": 3, "change_message": ""}}, {"model": "admin.logentry", "pk": 157, "fields": {"action_time": "2024-02-28T11:10:06.269Z", "user": 1, "content_type": 9, "object_id": "49", "object_repr": "Zamowienie nr 49 -  ", "action_flag": 2, "change_message": "[{\"changed\": {\"fields\": [\"Price\"]}}]"}}, {"model": "admin.logentry", "pk": 158, "fields": {"action_time": "2024-02-28T11:17:17.061Z", "user": 1, "content_type": 9, "object_id": "49", "object_repr": "Zamowienie nr 49 -  ", "action_flag": 2, "change_message": "[{\"changed\": {\"fields\": [\"Promo code\"]}}]"}}, {"model": "admin.logentry", "pk": 159, "fields": {"action_time": "2024-02-28T12:28:16.595Z", "user": 1, "content_type": 17, "object_id": "36", "object_repr": "Chanel N°5 - 5 szt. - 200 zł", "action_flag": 3, "change_message": ""}}, {"model": "admin.logentry", "pk": 160, "fields": {"action_time": "2024-02-28T12:28:26.586Z", "user": 1, "content_type": 9, "object_id": "49", "object_repr": "Zamowienie nr 49 -  ", "action_flag": 2, "change_message": "[{\"changed\": {\"fields\": [\"Price\", \"Phone number\"]}}]"}}, {"model": "admin.logentry", "pk": 161, "fields": {"action_time": "2024-02-28T12:29:06.314Z", "user": 1, "content_type": 15, "object_id": "3", "object_repr": "100 ml - 300 zł", "action_flag": 1, "change_message": "[{\"added\": {}}]"}}, {"model": "admin.logentry", "pk": 162, "fields": {"action_time": "2024-02-28T15:10:35.468Z", "user": 1, "content_type": 17, "object_id": "39", "object_repr": "Chanel N°5 - 1 szt. - 100 zł", "action_flag": 3, "change_message": ""}}, {"model": "admin.logentry", "pk": 163, "fields": {"action_time": "2024-02-28T15:10:35.471Z", "user": 1, "content_type": 17, "object_id": "38", "object_repr": "Chanel Coco Noir - 3 szt. - 300 zł", "action_flag": 3, "change_message": ""}}, {"model": "admin.logentry", "pk": 164, "fields": {"action_time": "2024-02-28T15:10:35.473Z", "user": 1, "content_type": 17, "object_id": "37", "object_repr": "Chanel N°5 - 1 szt. - 200 zł", "action_flag": 3, "change_message": ""}}, {"model": "admin.logentry", "pk": 165, "fields": {"action_time": "2024-02-28T15:14:12.463Z", "user": 1, "content_type": 17, "object_id": "40", "object_repr": "Chanel N°5 - 1 szt. - 200 zł", "action_flag": 3, "change_message": ""}}, {"model": "admin.logentry", "pk": 166, "fields": {"action_time": "2024-02-28T15:25:57.806Z", "user": 1, "content_type": 17, "object_id": "42", "object_repr": "Chanel N°5 - 4 szt. - 200 zł", "action_flag": 3, "change_message": ""}}, {"model": "admin.logentry", "pk": 167, "fields": {"action_time": "2024-02-28T15:32:04.886Z", "user": 1, "content_type": 15, "object_id": "3", "object_repr": "100 ml - 300 zł Chanel Coco Noir", "action_flag": 3, "change_message": ""}}, {"model": "admin.logentry", "pk": 168, "fields": {"action_time": "2024-02-28T15:32:04.890Z", "user": 1, "content_type": 15, "object_id": "2", "object_repr": "100 ml - 200 zł Chanel N°5", "action_flag": 3, "change_message": ""}}, {"model": "admin.logentry", "pk": 169, "fields": {"action_time": "2024-02-28T15:32:04.892Z", "user": 1, "content_type": 15, "object_id": "1", "object_repr": "50 ml - 100 zł Chanel N°5", "action_flag": 3, "change_message": ""}}, {"model": "admin.logentry", "pk": 170, "fields": {"action_time": "2024-02-28T15:37:59.031Z", "user": 1, "content_type": 15, "object_id": "3", "object_repr": "100 ml - 300 zł ", "action_flag": 2, "change_message": "[{\"changed\": {\"fields\": [\"Product\"]}}]"}}, {"model": "admin.logentry", "pk": 171, "fields": {"action_time": "2024-02-28T15:38:03.116Z", "user": 1, "content_type": 15, "object_id": "2", "object_repr": "100 ml - 200 zł ", "action_flag": 2, "change_message": "[{\"changed\": {\"fields\": [\"Product\"]}}]"}}, {"model": "admin.logentry", "pk": 172, "fields": {"action_time": "2024-02-28T15:38:09.029Z", "user": 1, "content_type": 15, "object_id": "1", "object_repr": "50 ml - 100 zł ", "action_flag": 2, "change_message": "[{\"changed\": {\"fields\": [\"Product\"]}}]"}}, {"model": "admin.logentry", "pk": 173, "fields": {"action_time": "2024-02-28T16:33:08.483Z", "user": 1, "content_type": 17, "object_id": "48", "object_repr": "Chanel N°5 - 1 szt. - 100 zł", "action_flag": 3, "change_message": ""}}, {"model": "admin.logentry", "pk": 174, "fields": {"action_time": "2024-02-28T16:33:08.486Z", "user": 1, "content_type": 17, "object_id": "47", "object_repr": "Chanel N°5 - 1 szt. - 300 zł", "action_flag": 3, "change_message": ""}}, {"model": "auth.permission", "pk": 1, "fields": {"name": "Can add log entry", "content_type": 1, "codename": "add_logentry"}}, {"model": "auth.permission", "pk": 2, "fields": {"name": "Can change log entry", "content_type": 1, "codename": "change_logentry"}}, {"model": "auth.permission", "pk": 3, "fields": {"name": "Can delete log entry", "content_type": 1, "codename": "delete_logentry"}}, {"model": "auth.permission", "pk": 4, "fields": {"name": "Can view log entry", "content_type": 1, "codename": "view_logentry"}}, {"model": "auth.permission", "pk": 5, "fields": {"name": "Can add permission", "content_type": 2, "codename": "add_permission"}}, {"model": "auth.permission", "pk": 6, "fields": {"name": "Can change permission", "content_type": 2, "codename": "change_permission"}}, {"model": "auth.permission", "pk": 7, "fields": {"name": "Can delete permission", "content_type": 2, "codename": "delete_permission"}}, {"model": "auth.permission", "pk": 8, "fields": {"name": "Can view permission", "content_type": 2, "codename": "view_permission"}}, {"model": "auth.permission", "pk": 9, "fields": {"name": "Can add group", "content_type": 3, "codename": "add_group"}}, {"model": "auth.permission", "pk": 10, "fields": {"name": "Can change group", "content_type": 3, "codename": "change_group"}}, {"model": "auth.permission", "pk": 11, "fields": {"name": "Can delete group", "content_type": 3, "codename": "delete_group"}}, {"model": "auth.permission", "pk": 12, "fields": {"name": "Can view group", "content_type": 3, "codename": "view_group"}}, {"model": "auth.permission", "pk": 13, "fields": {"name": "Can add content type", "content_type": 4, "codename": "add_contenttype"}}, {"model": "auth.permission", "pk": 14, "fields": {"name": "Can change content type", "content_type": 4, "codename": "change_contenttype"}}, {"model": "auth.permission", "pk": 15, "fields": {"name": "Can delete content type", "content_type": 4, "codename": "delete_contenttype"}}, {"model": "auth.permission", "pk": 16, "fields": {"name": "Can view content type", "content_type": 4, "codename": "view_contenttype"}}, {"model": "auth.permission", "pk": 17, "fields": {"name": "Can add session", "content_type": 5, "codename": "add_session"}}, {"model": "auth.permission", "pk": 18, "fields": {"name": "Can change session", "content_type": 5, "codename": "change_session"}}, {"model": "auth.permission", "pk": 19, "fields": {"name": "Can delete session", "content_type": 5, "codename": "delete_session"}}, {"model": "auth.permission", "pk": 20, "fields": {"name": "Can view session", "content_type": 5, "codename": "view_session"}}, {"model": "auth.permission", "pk": 21, "fields": {"name": "Can add user", "content_type": 6, "codename": "add_user"}}, {"model": "auth.permission", "pk": 22, "fields": {"name": "Can change user", "content_type": 6, "codename": "change_user"}}, {"model": "auth.permission", "pk": 23, "fields": {"name": "Can delete user", "content_type": 6, "codename": "delete_user"}}, {"model": "auth.permission", "pk": 24, "fields": {"name": "Can view user", "content_type": 6, "codename": "view_user"}}, {"model": "auth.permission", "pk": 25, "fields": {"name": "Can add opinion", "content_type": 7, "codename": "add_opinion"}}, {"model": "auth.permission", "pk": 26, "fields": {"name": "Can change opinion", "content_type": 7, "codename": "change_opinion"}}, {"model": "auth.permission", "pk": 27, "fields": {"name": "Can delete opinion", "content_type": 7, "codename": "delete_opinion"}}, {"model": "auth.permission", "pk": 28, "fields": {"name": "Can view opinion", "content_type": 7, "codename": "view_opinion"}}, {"model": "auth.permission", "pk": 29, "fields": {"name": "Can add product", "content_type": 8, "codename": "add_product"}}, {"model": "auth.permission", "pk": 30, "fields": {"name": "Can change product", "content_type": 8, "codename": "change_product"}}, {"model": "auth.permission", "pk": 31, "fields": {"name": "Can delete product", "content_type": 8, "codename": "delete_product"}}, {"model": "auth.permission", "pk": 32, "fields": {"name": "Can view product", "content_type": 8, "codename": "view_product"}}, {"model": "auth.permission", "pk": 33, "fields": {"name": "Can add card", "content_type": 9, "codename": "add_card"}}, {"model": "auth.permission", "pk": 34, "fields": {"name": "Can change card", "content_type": 9, "codename": "change_card"}}, {"model": "auth.permission", "pk": 35, "fields": {"name": "Can delete card", "content_type": 9, "codename": "delete_card"}}, {"model": "auth.permission", "pk": 36, "fields": {"name": "Can view card", "content_type": 9, "codename": "view_card"}}, {"model": "auth.permission", "pk": 37, "fields": {"name": "Can add discounts", "content_type": 10, "codename": "add_discounts"}}, {"model": "auth.permission", "pk": 38, "fields": {"name": "Can change discounts", "content_type": 10, "codename": "change_discounts"}}, {"model": "auth.permission", "pk": 39, "fields": {"name": "Can delete discounts", "content_type": 10, "codename": "delete_discounts"}}, {"model": "auth.permission", "pk": 40, "fields": {"name": "Can view discounts", "content_type": 10, "codename": "view_discounts"}}, {"model": "auth.permission", "pk": 41, "fields": {"name": "Can add site", "content_type": 11, "codename": "add_site"}}, {"model": "auth.permission", "pk": 42, "fields": {"name": "Can change site", "content_type": 11, "codename": "change_site"}}, {"model": "auth.permission", "pk": 43, "fields": {"name": "Can delete site", "content_type": 11, "codename": "delete_site"}}, {"model": "auth.permission", "pk": 44, "fields": {"name": "Can view site", "content_type": 11, "codename": "view_site"}}, {"model": "auth.permission", "pk": 45, "fields": {"name": "Can add redirect", "content_type": 12, "codename": "add_redirect"}}, {"model": "auth.permission", "pk": 46, "fields": {"name": "Can change redirect", "content_type": 12, "codename": "change_redirect"}}, {"model": "auth.permission", "pk": 47, "fields": {"name": "Can delete redirect", "content_type": 12, "codename": "delete_redirect"}}, {"model": "auth.permission", "pk": 48, "fields": {"name": "Can view redirect", "content_type": 12, "codename": "view_redirect"}}, {"model": "auth.permission", "pk": 49, "fields": {"name": "Can add promo_code", "content_type": 13, "codename": "add_promo_code"}}, {"model": "auth.permission", "pk": 50, "fields": {"name": "Can change promo_code", "content_type": 13, "codename": "change_promo_code"}}, {"model": "auth.permission", "pk": 51, "fields": {"name": "Can delete promo_code", "content_type": 13, "codename": "delete_promo_code"}}, {"model": "auth.permission", "pk": 52, "fields": {"name": "Can view promo_code", "content_type": 13, "codename": "view_promo_code"}}, {"model": "auth.permission", "pk": 53, "fields": {"name": "Can add category", "content_type": 14, "codename": "add_category"}}, {"model": "auth.permission", "pk": 54, "fields": {"name": "Can change category", "content_type": 14, "codename": "change_category"}}, {"model": "auth.permission", "pk": 55, "fields": {"name": "Can delete category", "content_type": 14, "codename": "delete_category"}}, {"model": "auth.permission", "pk": 56, "fields": {"name": "Can view category", "content_type": 14, "codename": "view_category"}}, {"model": "auth.permission", "pk": 57, "fields": {"name": "Can add perfume options", "content_type": 15, "codename": "add_perfumeoptions"}}, {"model": "auth.permission", "pk": 58, "fields": {"name": "Can change perfume options", "content_type": 15, "codename": "change_perfumeoptions"}}, {"model": "auth.permission", "pk": 59, "fields": {"name": "Can delete perfume options", "content_type": 15, "codename": "delete_perfumeoptions"}}, {"model": "auth.permission", "pk": 60, "fields": {"name": "Can view perfume options", "content_type": 15, "codename": "view_perfumeoptions"}}, {"model": "auth.permission", "pk": 61, "fields": {"name": "Can add cart item", "content_type": 16, "codename": "add_cartitem"}}, {"model": "auth.permission", "pk": 62, "fields": {"name": "Can change cart item", "content_type": 16, "codename": "change_cartitem"}}, {"model": "auth.permission", "pk": 63, "fields": {"name": "Can delete cart item", "content_type": 16, "codename": "delete_cartitem"}}, {"model": "auth.permission", "pk": 64, "fields": {"name": "Can view cart item", "content_type": 16, "codename": "view_cartitem"}}, {"model": "auth.permission", "pk": 65, "fields": {"name": "Can add card item", "content_type": 17, "codename": "add_carditem"}}, {"model": "auth.permission", "pk": 66, "fields": {"name": "Can change card item", "content_type": 17, "codename": "change_carditem"}}, {"model": "auth.permission", "pk": 67, "fields": {"name": "Can delete card item", "content_type": 17, "codename": "delete_carditem"}}, {"model": "auth.permission", "pk": 68, "fields": {"name": "Can view card item", "content_type": 17, "codename": "view_carditem"}}, {"model": "contenttypes.contenttype", "pk": 1, "fields": {"app_label": "admin", "model": "logentry"}}, {"model": "contenttypes.contenttype", "pk": 2, "fields": {"app_label": "auth", "model": "permission"}}, {"model": "contenttypes.contenttype", "pk": 3, "fields": {"app_label": "auth", "model": "group"}}, {"model": "contenttypes.contenttype", "pk": 4, "fields": {"app_label": "contenttypes", "model": "contenttype"}}, {"model": "contenttypes.contenttype", "pk": 5, "fields": {"app_label": "sessions", "model": "session"}}, {"model": "contenttypes.contenttype", "pk": 6, "fields": {"app_label": "users", "model": "user"}}, {"model": "contenttypes.contenttype", "pk": 7, "fields": {"app_label": "product", "model": "opinion"}}, {"model": "contenttypes.contenttype", "pk": 8, "fields": {"app_label": "product", "model": "product"}}, {"model": "contenttypes.contenttype", "pk": 9, "fields": {"app_label": "product", "model": "card"}}, {"model": "contenttypes.contenttype", "pk": 10, "fields": {"app_label": "product", "model": "discounts"}}, {"model": "contenttypes.contenttype", "pk": 11, "fields": {"app_label": "sites", "model": "site"}}, {"model": "contenttypes.contenttype", "pk": 12, "fields": {"app_label": "redirects", "model": "redirect"}}, {"model": "contenttypes.contenttype", "pk": 13, "fields": {"app_label": "product", "model": "promo_code"}}, {"model": "contenttypes.contenttype", "pk": 14, "fields": {"app_label": "product", "model": "category"}}, {"model": "contenttypes.contenttype", "pk": 15, "fields": {"app_label": "product", "model": "perfumeoptions"}}, {"model": "contenttypes.contenttype", "pk": 16, "fields": {"app_label": "product", "model": "cartitem"}}, {"model": "contenttypes.contenttype", "pk": 17, "fields": {"app_label": "product", "model": "carditem"}}, {"model": "sessions.session", "pk": "4hahv1dsc2mxcasgp76nn8zl1ad2o5ai", "fields": {"session_data": ".eJxVjsEOgjAQRP-lZ9N0y1apR-98A9ltdy1qIClwMv67kHDQ67yZl3mbntal9OsstR-yuRowp9-MKT1l3EF-0HifbJrGpQ5s94o96Gy7KcvrdnT_BIXmsq2Zz4waEZvoIaeoEHJIQhGD8-IBRC9KHry4jMIuKHGLqtK0Hh3wJk1Utx8YP18yOjsA:1rexyg:psqsRirJ26YUF0cnzz7hlt_izyIx7c-_CRcMUIz4KZM", "expire_date": "2024-03-12T13:58:38.601Z"}}, {"model": "sessions.session", "pk": "5p1ctj372k7ido89knbtqdqgrnnkl418", "fields": {"session_data": ".eJxVjsEOgjAQRP-lZ9N0y1apR-98A9ltdy1qIClwMv67kHDQ67yZl3mbntal9OsstR-yuRowp9-MKT1l3EF-0HifbJrGpQ5s94o96Gy7KcvrdnT_BIXmsq2Zz4waEZvoIaeoEHJIQhGD8-IBRC9KHry4jMIuKHGLqtK0Hh3wJk1Utx8YPl8yMjr8:1rXlRQ:G8e4EJDIQhCHM6IKIMb3VhZg6MOQqhkiZ9lBPj4kLM8", "expire_date": "2024-02-21T17:10:32.543Z"}}, {"model": "sessions.session", "pk": "di93djnro671vzfml6sj9z4omnati8z4", "fields": {"session_data": ".eJxVjksOwjAMRO-SNYri1KENS_acIbITmxRQK_WzQtydVuoCtvNmnuZtEq1LTessU-qLuRgwp9-MKT9l2EF50HAfbR6HZerZ7hV70NnexiKv69H9E1Sa67ZmPjNqRGyih5KjQighC0UMzosHEG2VPHhxBYVdUOIOVaXpPDrgTZpp2n5g-_kCMjY6_g:1rXnyQ:lM1oM7Y5rn_I-Wlo-EE3ufS7apL_4jiy-Tvz7Mb2YFg", "expire_date": "2024-02-21T19:52:46.474Z"}}, {"model": "sessions.session", "pk": "kfk1tbj92mh41lo0841jbaqywreqplk7", "fields": {"session_data": ".eJxVjsEOgjAQRP-lZ9N0yxapR-9-A9ltdy1qIClwMv67kHDQ67yZl3mbntal9OsstR-yuRgwp9-MKT1l3EF-0HifbJrGpQ5s94o96GxvU5bX9ej-CQrNZVszt4waEZvoIaeoEHJIQhGD8-IBRM9KHry4jMIuKHGHqtJ0Hh3wJk1Utx8tfr4yNjr9:1rbzls:A5Q5A3J54KHOrIR8IAVwiXHhku6yEZHhahxsB-F4h5Y", "expire_date": "2024-03-04T09:17:08.715Z"}}, {"model": "sessions.session", "pk": "lqtefoz9kqsn3dwstm25de0potyb68z7", "fields": {"session_data": ".eJxVjDEOwjAMRe-SGUVx6kDDyM4ZIjuxSQG1UtNOiLtDpQ6w_vfef5lE61LT2mROQzFnA-bwuzHlh4wbKHcab5PN07jMA9tNsTtt9joVeV529--gUqvfmvnIqBGxix5KjgqhhCwUMTgvHkD0pOTBiyso7IIS96gqXe_RAZv3B_IIOE8:1rfiQu:rB_oII0n7dLVC3MdRua5YldAW7WCrX8xMKUgo1sXRc8", "expire_date": "2024-03-14T15:34:52.557Z"}}, {"model": "sessions.session", "pk": "lsdwpm6hoxfy10jksbbtu443k56oc8zv", "fields": {"session_data": ".eJxVjDEOwjAMRe-SGUVx6kDDyM4ZIjuxSQG1UtNOiLtDpQ6w_vfef5lE61LT2mROQzFnA-bwuzHlh4wbKHcab5PN07jMA9tNsTtt9joVeV529--gUqvfmvnIqBGxix5KjgqhhCwUMTgvHkD0pOTBiyso7IIS96gqXe_RAZv3B_IIOE8:1rOda0:4ANTDQp_SFkmwy98v8IsJvxm4ZYyRkYQ60ap4EXLmwI", "expire_date": "2024-01-27T12:57:40.123Z"}}, {"model": "sessions.session", "pk": "s601dcz52em7k54xb3s0f2thirdpp5m2", "fields": {"session_data": ".eJxVjDEOwjAMRe-SGUVx6kDDyM4ZIjuxSQG1UtNOiLtDpQ6w_vfef5lE61LT2mROQzFnA-bwuzHlh4wbKHcab5PN07jMA9tNsTtt9joVeV529--gUqvfmvnIqBGxix5KjgqhhCwUMTgvHkD0pOTBiyso7IIS96gqXe_RAZv3B_IIOE8:1rORgW:jJR2y0q3Ulq0hlpfNj59nYvqxRp1TZdk6XILMjCzkac", "expire_date": "2024-01-27T00:15:36.349Z"}}, {"model": "sessions.session", "pk": "t7x91h6xcgajlznmvu4kcq36vlsspznk", "fields": {"session_data": ".eJxVjrEOgzAMRP8lcxXFwQHSsTvfgOzELrQVSASmqv9ekBja9d7d071NT9s69FuRpR-zuRowl9-MKT1lOkB-0HSfbZqndRnZHhV70mK7Ocvrdnb_BAOVYV8z14waEavoIaeoEHJIQhGD8-IBRBslD15cRmEXlLhFValajw54lyZa9h918_kCMjw7AA:1rfi0e:LOxwE-Cg0wmlGMmmJPQBftMAlzVrlTU2JISDGJtq0N4", "expire_date": "2024-03-14T15:07:44.162Z"}}, {"model": "sessions.session", "pk": "wn5l35bgh1jykyheyfey5yrd6b5ggwg9", "fields": {"session_data": ".eJxVjksOwjAMRO-SNYpi1ykNS_acobITmxZQK_WzQtydVuoCtvNmnubtWl6Xrl1nndq-uIsDd_rNhPNThx2UBw_30edxWKZe_F7xB539bSz6uh7dP0HHc7etRWohS0RVQig5GcQSs3KiGFARQO1sjIAaCqmEaCwNmWnVIAWQTZp52n7U-PkCMjI6-w:1rbmL9:OdOPBFoyHvG-zL-J7pnux4dMDTnu2zkCZjLWdX9FXks", "expire_date": "2024-03-03T18:56:39.231Z"}}, {"model": "sessions.session", "pk": "wo882sb4g2hd3nuxe9jpy5b40ohokev7", "fields": {"session_data": ".eJxVjksOwjAMRO-SNYri1IGEJfueIbITmxZQK_WzQtydVuoCtvNmnuZtMq1Ll9dZptxXczVgTr8ZU3nKsIP6oOE-2jIOy9Sz3Sv2oLNtxyqv29H9E3Q0d9ua-cyoCbFJHmpJCqGGIpQwOC8eQPSi5MGLqyjsghJHVJUmenTAm7TQtP3A-PkCMjg6_w:1rXo3Q:7-HrlAq3z8L1bj7rbatAiDDX1httlZrfB3mvU7VRQOg", "expire_date": "2024-02-21T19:57:56.591Z"}}, {"model": "users.user", "pk": 1, "fields": {"password": "pbkdf2_sha256$720000$pkCO2Na6DVnap7LjkNMo12$R+7N/LrbPOznq8kpR5i4CdmgMzPZXKePIveNAafCzxg=", "last_login": "2024-02-29T15:34:52.554Z", "is_superuser": true, "username": "fr3kz", "first_name": "", "last_name": "", "is_active": true, "date_joined": "2024-01-13T00:15:31.123Z", "address": "", "phone_number": 0, "is_staff": true, "email": "tektmap1@gmail.com", "groups": [], "user_permissions": []}}, {"model": "users.user", "pk": 3, "fields": {"password": "pbkdf2_sha256$720000$pkCO2Na6DVnap7LjkNMo12$R+7N/LrbPOznq8kpR5i4CdmgMzPZXKePIveNAafCzxg=", "last_login": "2024-02-15T18:09:47.336Z", "is_superuser": true, "username": "fr3kz1", "first_name": "cww", "last_name": "emk", "is_active": true, "date_joined": "2024-02-15T18:08:57Z", "address": "deeded", "phone_number": 110020, "is_staff": true, "email": "tektmap@gmail.com", "groups": [], "user_permissions": []}}, {"model": "users.user", "pk": 4, "fields": {"password": "pbkdf2_sha256$720000$lI34i4iuE7NpaKiYI77DtV$qFAWCuAuLWBE60F5Ttz8RlcmnlbN6xxNrHRvO4KDjao=", "last_login": null, "is_superuser": false, "username": "alka-sus0n@icloud.com", "first_name": "Artur", "last_name": "mcwdocmso", "is_active": true, "date_joined": "2024-02-18T15:35:47.445Z", "address": "mopdewwopdemom", "phone_number": 502818920, "is_staff": false, "email": "alka-sus0n@icloud.com", "groups": [], "user_permissions": []}}, {"model": "users.user", "pk": 5, "fields": {"password": "BIko2030", "last_login": null, "is_superuser": false, "username": "", "first_name": "Artur", "last_name": "mcwdocmso", "is_active": true, "date_joined": "2024-02-18T15:37:51.566Z", "address": "mopdewwopdemom", "phone_number": 502818920, "is_staff": false, "email": "alka-sus10n@icloud.com", "groups": [], "user_permissions": []}}, {"model": "users.user", "pk": 6, "fields": {"password": "pbkdf2_sha256$720000$VZy4twLm3DYKdYaLEAbUYz$WaR7JLnIdL73MvD0M9wbXodjQlcs7S6i9ZC9wNJ2R6k=", "last_login": "2024-02-18T15:43:40Z", "is_superuser": false, "username": "alka-sus0n132@icloud.com", "first_name": "Firsf", "last_name": "cmiocmweimio", "is_active": true, "date_joined": "2024-02-18T15:43:40Z", "address": "cweimio", "phone_number": 0, "is_staff": false, "email": "alka-sus0n132@icloud.com", "groups": [], "user_permissions": []}}, {"model": "users.user", "pk": 7, "fields": {"password": "pbkdf2_sha256$720000$tfyQvncnODNYdhWfqSylPf$j2V6wLrfz4jdTE3JexBUV7NRx9l43OzPKxLSowuUmJk=", "last_login": "2024-02-19T08:58:35.251Z", "is_superuser": false, "username": "alka22-sus0n@icloud.comwwwww", "first_name": "cdcd", "last_name": "ewfs", "is_active": true, "date_joined": "2024-02-19T08:58:34.921Z", "address": "ewfe", "phone_number": 1212120, "is_staff": false, "email": "alka22-sus0n@icloud.comwwwww", "groups": [], "user_permissions": []}}, {"model": "users.user", "pk": 8, "fields": {"password": "pbkdf2_sha256$720000$ylSqakCVJVu46fIwkzNdN9$nvWhe57wZE3Ec5D4nbZptkCB0J2X5iuFCCtbWd6dFog=", "last_login": "2024-02-19T09:02:57.726Z", "is_superuser": false, "username": "alka3333-sus0n@icloud.com", "first_name": "vbivjifji", "last_name": "meomomo", "is_active": true, "date_joined": "2024-02-19T09:02:57.406Z", "address": "BIidjiojfiko023jioio0", "phone_number": 0, "is_staff": false, "email": "alka3333-sus0n@icloud.com", "groups": [], "user_permissions": []}}, {"model": "users.user", "pk": 9, "fields": {"password": "pbkdf2_sha256$720000$QqrjKy3oXx1PqNuPrH3iQu$GZiniONkjcGb1OP/5ESGTNvX05934qE2AdUdemhSIWQ=", "last_login": "2024-02-29T14:05:44.739Z", "is_superuser": false, "username": "alka-su32121313s0n@icloud.com", "first_name": "", "last_name": "", "is_active": true, "date_joined": "2024-02-29T14:05:44.414Z", "address": "", "phone_number": 0, "is_staff": false, "email": "alka-su32121313s0n@icloud.com", "groups": [], "user_permissions": []}}, {"model": "product.product", "pk": 1, "fields": {"title": "Chanel N°5", "price": 130, "image": "images/chanel-n5-woda-perfumowana-dla-kobiet___30.jpg.webp", "description": "Perfumy przez wielkie P. Prawdziwa legenda wśród zapachów. Luksus ukryty w flakonie. To woda perfumowana Chanel N°5, najsłynniejszy zapach wszechczasów, noszony także przez niezapomnianą gwiazdę filmową Marilyn Monroe.", "is_featured": true, "amount": 10, "is_on": true, "stars": 5}}, {"model": "product.product", "pk": 2, "fields": {"title": "Chanel Coco Noir", "price": 222, "image": "images/chanel-coco-noir-woda-perfumowana-dla-kobiet___26.jpg.webp", "description": "Przekraczaj swoje granice i odkrywaj nowe horyzonty, dzięki którym nic już nie będzie takie samo jak wcześniej.", "is_featured": true, "amount": 20, "is_on": true, "stars": 5}}, {"model": "product.product", "pk": 3, "fields": {"title": "Prada Luna Rossa Ocean", "price": 213, "image": "images/prada-luna-rossa-ocean-woda-perfumowana-dla-mezczyzn_.jpg.webp", "description": "Przekraczaj swoje granice i odkrywaj nowe horyzonty, dzięki którym nic już nie będzie takie samo jak wcześniej. Woda perfumowana dla mężczyzn Prada Luna Rossa Ocean to uosobienie wyrafinowania.", "is_featured": true, "amount": 1, "is_on": true, "stars": 3}}, {"model": "product.product", "pk": 4, "fields": {"title": "Prada Luna Rossa Black", "price": 222, "image": "images/prada-luna-rossa-black-woda-perfumowana-dla-mezczyzn___180924.jpg.webp", "description": "Dynamiczna woda perfumowana Prada Luna Rossa Black została stworzona dla odważnego mężczyzny, który nie obawiając się wyzwań szuka nowych możliwości.", "is_featured": false, "amount": 1, "is_on": true, "stars": 4}}, {"model": "product.product", "pk": 5, "fields": {"title": "Irresistible Very Floral", "price": 100, "image": "images/givenchy-irresistible-very-floral-woda-perfumowana-dla-kobiet___231115.jpg.webp", "description": "opis perfumy wjwo spkco qoidwji", "is_featured": false, "amount": 20, "is_on": false, "stars": 5}}, {"model": "product.perfumeoptions", "pk": 1, "fields": {"amount": 50, "price": 100, "product": 1}}, {"model": "product.perfumeoptions", "pk": 2, "fields": {"amount": 100, "price": 200, "product": 4}}, {"model": "product.perfumeoptions", "pk": 3, "fields": {"amount": 100, "price": 300, "product": 1}}, {"model": "product.perfumeoptions", "pk": 4, "fields": {"amount": 100, "price": 200, "product": null}}, {"model": "product.perfumeoptions", "pk": 5, "fields": {"amount": 1, "price": 0, "product": null}}, {"model": "product.perfumeoptions", "pk": 6, "fields": {"amount": 100, "price": 100, "product": 5}}, {"model": "product.perfumeoptions", "pk": 7, "fields": {"amount": 200, "price": 500, "product": 1}}, {"model": "product.perfumeoptions", "pk": 8, "fields": {"amount": 250, "price": 600, "product": 1}}, {"model": "product.opinion", "pk": 4, "fields": {"author": 1, "description": "Super perfumy polecam", "rated": 5, "product": 1}}, {"model": "product.opinion", "pk": 5, "fields": {"author": 1, "description": "Elegancko", "rated": 4, "product": 2}}, {"model": "product.opinion", "pk": 6, "fields": {"author": 1, "description": "Słabe", "rated": 5, "product": 3}}, {"model": "product.opinion", "pk": 7, "fields": {"author": 1, "description": "Super perfumy 10/10", "rated": 4, "product": 1}}, {"model": "product.discounts", "pk": 1, "fields": {"discount": 20}}, {"model": "product.carditem", "pk": 49, "fields": {"product": 1, "quantity": 4, "price": 300, "card": 49, "is_active": true, "size": [3]}}, {"model": "product.carditem", "pk": 50, "fields": {"product": 1, "quantity": 1, "price": 300, "card": 67, "is_active": true, "size": [3]}}, {"model": "product.card", "pk": 49, "fields": {"user": 1, "quantity": 1, "price": 1200, "street": "", "city": "", "postal_code": "", "phone_number": "", "email": "tektmap1@gmail.com", "first_name": "", "last_name": "", "promo_code": "", "is_order": false, "date": "2024-02-28T16:17:54.921Z", "is_shipped": true, "is_delivered": true}}, {"model": "product.card", "pk": 50, "fields": {"user": 1, "quantity": 1, "price": 117, "street": "", "city": "", "postal_code": "", "phone_number": "", "email": "", "first_name": "", "last_name": "", "promo_code": "blumen", "is_order": false, "date": "2024-02-12T09:43:58.148Z", "is_shipped": true, "is_delivered": true}}, {"model": "product.card", "pk": 51, "fields": {"user": 1, "quantity": 1, "price": 12, "street": "", "city": "", "postal_code": "", "phone_number": "", "email": "", "first_name": "", "last_name": "", "promo_code": "blin", "is_order": false, "date": "2024-02-12T09:43:58.148Z", "is_shipped": false, "is_delivered": false}}, {"model": "product.card", "pk": 52, "fields": {"user": 1, "quantity": 1, "price": 130, "street": "Pomorska 8, 3", "city": "Olsztyn", "postal_code": "10-699", "phone_number": "", "email": "", "first_name": "Artur", "last_name": "Kunicki", "promo_code": "", "is_order": true, "date": "2024-02-12T11:36:49.204Z", "is_shipped": true, "is_delivered": false}}, {"model": "product.card", "pk": 53, "fields": {"user": 1, "quantity": 1, "price": 0, "street": "", "city": "", "postal_code": "", "phone_number": "", "email": "", "first_name": "", "last_name": "", "promo_code": "", "is_order": true, "date": "2024-02-12T11:43:13.045Z", "is_shipped": true, "is_delivered": false}}, {"model": "product.card", "pk": 54, "fields": {"user": 1, "quantity": 1, "price": 0, "street": "Pomorska 8, 3", "city": "Olsztyn", "postal_code": "10-699", "phone_number": "5029291", "email": "pwwp@wp.pl", "first_name": "Artur", "last_name": "Kunicki", "promo_code": "", "is_order": true, "date": "2024-02-12T11:43:43.016Z", "is_shipped": true, "is_delivered": false}}, {"model": "product.card", "pk": 55, "fields": {"user": 1, "quantity": 1, "price": 0, "street": "Pomorska 8, 3", "city": "Olsztyn", "postal_code": "10-699", "phone_number": "11111", "email": "alka-sus0n@icloud.com", "first_name": "Artur", "last_name": "Kunicki", "promo_code": "", "is_order": true, "date": "2024-02-15T17:59:02.036Z", "is_shipped": false, "is_delivered": false}}, {"model": "product.card", "pk": 56, "fields": {"user": 1, "quantity": 1, "price": 213, "street": "Pomorska 8, 3", "city": "Olsztyn", "postal_code": "10-699", "phone_number": "111111", "email": "alka-sus0n@icloud.com", "first_name": "Artur", "last_name": "Kunicki", "promo_code": "", "is_order": true, "date": "2024-02-15T18:02:44.908Z", "is_shipped": false, "is_delivered": false}}, {"model": "product.card", "pk": 57, "fields": {"user": 1, "quantity": 1, "price": 100, "street": "", "city": "", "postal_code": "", "phone_number": "", "email": "", "first_name": "", "last_name": "", "promo_code": "", "is_order": false, "date": "2024-02-15T18:04:16.830Z", "is_shipped": false, "is_delivered": false}}, {"model": "product.card", "pk": 58, "fields": {"user": 1, "quantity": 1, "price": 222, "street": "", "city": "", "postal_code": "", "phone_number": "", "email": "", "first_name": "", "last_name": "", "promo_code": "", "is_order": true, "date": "2024-02-15T18:04:30.817Z", "is_shipped": false, "is_delivered": false}}, {"model": "product.card", "pk": 59, "fields": {"user": 1, "quantity": 1, "price": 100, "street": "", "city": "", "postal_code": "", "phone_number": "", "email": "", "first_name": "", "last_name": "", "promo_code": "", "is_order": true, "date": "2024-02-15T18:04:50.204Z", "is_shipped": false, "is_delivered": false}}, {"model": "product.card", "pk": 60, "fields": {"user": 3, "quantity": 1, "price": 352, "street": "Pomorska 8, 3", "city": "Olsztyn", "postal_code": "10-699", "phone_number": "2202020", "email": "alka-sus0n@icloud.com", "first_name": "Artur", "last_name": "Kunicki", "promo_code": "", "is_order": true, "date": "2024-02-15T18:10:08.218Z", "is_shipped": false, "is_delivered": false}}, {"model": "product.card", "pk": 61, "fields": {"user": 1, "quantity": 1, "price": 0, "street": "", "city": "", "postal_code": "", "phone_number": "", "email": "", "first_name": "", "last_name": "", "promo_code": "", "is_order": false, "date": "2024-02-18T15:59:36.847Z", "is_shipped": false, "is_delivered": false}}, {"model": "product.card", "pk": 62, "fields": {"user": 1, "quantity": 1, "price": 0, "street": "", "city": "", "postal_code": "", "phone_number": "", "email": "", "first_name": "", "last_name": "", "promo_code": "", "is_order": false, "date": "2024-02-18T18:56:39.219Z", "is_shipped": false, "is_delivered": false}}, {"model": "product.card", "pk": 63, "fields": {"user": 7, "quantity": 1, "price": 0, "street": "", "city": "", "postal_code": "", "phone_number": "", "email": "", "first_name": "", "last_name": "", "promo_code": "", "is_order": false, "date": "2024-02-19T08:58:51.757Z", "is_shipped": false, "is_delivered": false}}, {"model": "product.card", "pk": 64, "fields": {"user": 1, "quantity": 1, "price": 0, "street": "Pomorska 8, 3", "city": "Olsztyn", "postal_code": "10-699", "phone_number": "", "email": "", "first_name": "Artur", "last_name": "Kunicki", "promo_code": "", "is_order": false, "date": "2024-02-19T09:24:05.763Z", "is_shipped": false, "is_delivered": false}}, {"model": "product.card", "pk": 65, "fields": {"user": 1, "quantity": 1, "price": 213, "street": "", "city": "", "postal_code": "", "phone_number": "", "email": "", "first_name": "", "last_name": "", "promo_code": "", "is_order": false, "date": "2024-02-27T11:17:49.435Z", "is_shipped": false, "is_delivered": false}}, {"model": "product.card", "pk": 66, "fields": {"user": 1, "quantity": 1, "price": 130, "street": "", "city": "", "postal_code": "", "phone_number": "", "email": "", "first_name": "", "last_name": "", "promo_code": "", "is_order": false, "date": "2024-02-26T16:59:08.490Z", "is_shipped": false, "is_delivered": false}}, {"model": "product.card", "pk": 67, "fields": {"user": 1, "quantity": 1, "price": 300, "street": "Pomor", "city": "lpdelp", "postal_code": "10-4404", "phone_number": "534030300", "email": "tektmap1@gmail.com", "first_name": "Artur", "last_name": "Kunicki", "promo_code": "", "is_order": false, "date": "2024-02-29T15:08:20.566Z", "is_shipped": false, "is_delivered": false}}, {"model": "product.promo_code", "pk": 1, "fields": {"code": "123", "discount": 50, "title": "test", "max_count": 100}}, {"model": "product.promo_code", "pk": 2, "fields": {"code": "321", "discount": 25, "title": "dwedwd", "max_count": 1000}}, {"model": "product.promo_code", "pk": 3, "fields": {"code": "blumen", "discount": 10, "title": "kod promocyjne wakacje", "max_count": 100}}, {"model": "product.promo_code", "pk": 4, "fields": {"code": "blin", "discount": 90, "title": "90 test", "max_count": 2}}, {"model": "product.category", "pk": 1, "fields": {"title": "Men", "products": [1, 2, 3]}}, {"model": "product.category", "pk": 2, "fields": {"title": "Women", "products": [4, 5]}}]